{
  "text": "先生、知ってる?耳には、瞑想神経っていう気持ちよく感じる部分があって、人によっては神経を刺激しちゃうから、あんまりやりすぎは良くないんだけど…そんな部分を刺激されてるって思うと…興奮して余計に射精をしたくなっちゃうよねはぁーもしビュービューしたくなったらちゃんと言ってね先生が私の手の中に情けなく静止ピューピューしちゃうところをじーっと見ててあげるからありがとうございました。",
  "segments": [
    {
      "id": 0,
      "seek": 0,
      "start": 0.0,
      "end": 3.0,
      "text": "先生、知ってる?",
      "tokens": [
        50365,
        33083,
        1231,
        6498,
        45350,
        30,
        50515
      ],
      "temperature": 0.0,
      "avg_logprob": -0.3444664984038382,
      "compression_ratio": 1.0957446808510638,
      "no_speech_prob": 0.05479779094457626
    },
    {
      "id": 1,
      "seek": 0,
      "start": 15.0,
      "end": 25.0,
      "text": "耳には、瞑想神経っていう気持ちよく感じる部分があって、",
      "tokens": [
        51115,
        4450,
        111,
        34779,
        1231,
        163,
        9143,
        7093,
        20432,
        6948,
        234,
        46896,
        25870,
        17694,
        6574,
        5591,
        6134,
        25359,
        4895,
        32174,
        5142,
        3590,
        6102,
        1231,
        51615
      ],
      "temperature": 0.0,
      "avg_logprob": -0.3444664984038382,
      "compression_ratio": 1.0957446808510638,
      "no_speech_prob": 0.05479779094457626
    },
    {
      "id": 2,
      "seek": 3000,
      "start": 30.0,
      "end": 42.0,
      "text": "人によっては神経を刺激しちゃうから、あんまりやりすぎは良くないんだけど…",
      "tokens": [
        50365,
        4035,
        4108,
        5591,
        6102,
        3065,
        20432,
        6948,
        234,
        5998,
        2437,
        118,
        26373,
        222,
        2849,
        18930,
        2646,
        11046,
        1231,
        3590,
        3225,
        41446,
        7355,
        5095,
        2659,
        44601,
        3065,
        33950,
        6134,
        9311,
        26983,
        21891,
        1260,
        50965
      ],
      "temperature": 0.0,
      "avg_logprob": -0.23784272175914836,
      "compression_ratio": 1.255813953488372,
      "no_speech_prob": 0.1942731738090515
    },
    {
      "id": 3,
      "seek": 3000,
      "start": 42.0,
      "end": 52.0,
      "text": "そんな部分を刺激されてるって思うと…",
      "tokens": [
        50965,
        46346,
        32174,
        5998,
        2437,
        118,
        26373,
        222,
        6722,
        26638,
        4895,
        6102,
        8870,
        2646,
        3193,
        1260,
        51465
      ],
      "temperature": 0.0,
      "avg_logprob": -0.23784272175914836,
      "compression_ratio": 1.255813953488372,
      "no_speech_prob": 0.1942731738090515
    },
    {
      "id": 4,
      "seek": 5200,
      "start": 52.0,
      "end": 64.1,
      "text": "興奮して余計に射精をしたくなっちゃうよね",
      "tokens": [
        50365,
        44089,
        1881,
        106,
        8822,
        1593,
        247,
        30114,
        4108,
        1530,
        226,
        34910,
        5998,
        8533,
        6134,
        3203,
        41380,
        2646,
        30346,
        50970
      ],
      "temperature": 0.0,
      "avg_logprob": -0.36467386881510416,
      "compression_ratio": 1.3142857142857143,
      "no_speech_prob": 0.16967268288135529
    },
    {
      "id": 5,
      "seek": 5200,
      "start": 64.1,
      "end": 66.0,
      "text": "はぁー",
      "tokens": [
        50970,
        3065,
        11951,
        3384,
        51065
      ],
      "temperature": 0.0,
      "avg_logprob": -0.36467386881510416,
      "compression_ratio": 1.3142857142857143,
      "no_speech_prob": 0.16967268288135529
    },
    {
      "id": 6,
      "seek": 5200,
      "start": 66.0,
      "end": 80.38,
      "text": "もしビュービューしたくなったらちゃんと言ってね",
      "tokens": [
        51065,
        49412,
        39454,
        26167,
        15266,
        241,
        26167,
        3384,
        8533,
        6134,
        3203,
        10102,
        5154,
        35771,
        3193,
        12009,
        6102,
        5555,
        51784
      ],
      "temperature": 0.0,
      "avg_logprob": -0.36467386881510416,
      "compression_ratio": 1.3142857142857143,
      "no_speech_prob": 0.16967268288135529
    },
    {
      "id": 7,
      "seek": 8200,
      "start": 82.0,
      "end": 95.54,
      "text": "先生が私の手の中に情けなく静止ピューピューしちゃうところを",
      "tokens": [
        50365,
        33083,
        5142,
        20083,
        2972,
        11389,
        2972,
        5975,
        4108,
        10570,
        7625,
        40252,
        5363,
        247,
        30438,
        35268,
        26167,
        15266,
        242,
        26167,
        3384,
        2849,
        18930,
        2646,
        46001,
        5998,
        51042
      ],
      "temperature": 0.0,
      "avg_logprob": -0.2335500961694962,
      "compression_ratio": 1.1495327102803738,
      "no_speech_prob": 0.16622954607009888
    },
    {
      "id": 8,
      "seek": 8200,
      "start": 95.54,
      "end": 100.4,
      "text": "じーっと見ててあげるから",
      "tokens": [
        51042,
        9257,
        3384,
        13137,
        33363,
        2996,
        3590,
        26012,
        4895,
        11046,
        51285
      ],
      "temperature": 0.0,
      "avg_logprob": -0.2335500961694962,
      "compression_ratio": 1.1495327102803738,
      "no_speech_prob": 0.16622954607009888
    },
    {
      "id": 9,
      "seek": 11200,
      "start": 112.0,
      "end": 114.0,
      "text": "ありがとうございました。",
      "tokens": [
        50365,
        38538,
        1543,
        50465
      ],
      "temperature": 0.0,
      "avg_logprob": -0.4574420928955078,
      "compression_ratio": 0.8372093023255814,
      "no_speech_prob": 0.8815938830375671
    }
  ],
  "language": "ja"
}