{
  "text": "あ、おはよう。何って、見ての通りだよ。フフフフフフフフフフフフフフフフフフフフフフフフフフフフフフフフフフフフフフフフフフフフフフフフフフフフフフフフフフフフフフフフフフフフフフフフフフフフフフフフフフフフフフフフフフフフフフフフフフフフフフフフフフフフフフフフフフフフフフフフフフフフフフフフフフフフフフフフフフフフフフフフフフフフフフフフフフフフフフフフフフフフフフフフフフフフフフフフフフフフフフフフフフフフフフフフフフフフフフフフフフフフフフフフフフフフフフフフフフフフフフフ気分気になってたからお目覚めフェラでもしてあげようかなもしかしてエッチな初夢でも見てた?んっんっんっんっんっんっんっんっんっはぁっ新年早々コスプレでフェラーをしてもらう気分はどう?ニヤニヤしちゃって先生の性癖なんて大体把握してるからこうされたら嬉しいだろうなって思ってさ匂いのきつい朝立ちのチンチンをこんな風にフェラしてくれる子なんて…多分私くらいだよ…",
  "segments": [
    {
      "id": 0,
      "seek": 0,
      "start": 0.0,
      "end": 18.52,
      "text": "あ、おはよう。",
      "tokens": [
        50365,
        3590,
        1231,
        6117,
        3065,
        17010,
        1543,
        51291
      ],
      "temperature": 0.0,
      "avg_logprob": -0.7241506576538086,
      "compression_ratio": 0.9344262295081968,
      "no_speech_prob": 0.032216958701610565
    },
    {
      "id": 1,
      "seek": 0,
      "start": 18.52,
      "end": 25.88,
      "text": "何って、見ての通りだよ。",
      "tokens": [
        51291,
        11906,
        6102,
        1231,
        33363,
        2972,
        19550,
        5095,
        5362,
        5591,
        1543,
        51659
      ],
      "temperature": 0.0,
      "avg_logprob": -0.7241506576538086,
      "compression_ratio": 0.9344262295081968,
      "no_speech_prob": 0.032216958701610565
    },
    {
      "id": 2,
      "seek": 2588,
      "start": 25.88,
      "end": 26.48,
      "text": "フフフフフフフフフフフフフフフフフフフフフフフフフフフフフフフフフフフフフフフフフフフフフフフフフフフフフフフフフフフフフフフフフフフフフフフフフフフフフフフフフフフフフフフフフフフフフフフフフフフフフフフフフフフフフフフフフフフフフフフフフフフフフフフフフフフフフフフフフフフフフフフフフフフフフフフフフフフフフフフフフフフフフフフフフフフフフフフフフフフフフフフフフフフフフフフフフフフフフフフフフフフフフフフフフフフフフフフフフフフフフフフ",
      "tokens": [
        50395,
        17320,
        17320,
        17320,
        17320,
        17320,
        17320,
        17320,
        17320,
        17320,
        17320,
        17320,
        17320,
        17320,
        17320,
        17320,
        17320,
        17320,
        17320,
        17320,
        17320,
        17320,
        17320,
        17320,
        17320,
        17320,
        17320,
        17320,
        17320,
        17320,
        17320,
        17320,
        17320,
        17320,
        17320,
        17320,
        17320,
        17320,
        17320,
        17320,
        17320,
        17320,
        17320,
        17320,
        17320,
        17320,
        17320,
        17320,
        17320,
        17320,
        17320,
        17320,
        17320,
        17320,
        17320,
        17320,
        17320,
        17320,
        17320,
        17320,
        17320,
        17320,
        17320,
        17320,
        17320,
        17320,
        17320,
        17320,
        17320,
        17320,
        17320,
        17320,
        17320,
        17320,
        17320,
        17320,
        17320,
        17320,
        17320,
        17320,
        17320,
        17320,
        17320,
        17320,
        17320,
        17320,
        17320,
        17320,
        17320,
        17320,
        17320,
        17320,
        17320,
        17320,
        17320,
        17320,
        17320,
        17320,
        17320,
        17320,
        17320,
        17320,
        17320,
        17320,
        17320,
        17320,
        17320,
        17320,
        17320,
        17320,
        17320,
        17320,
        17320,
        17320,
        17320,
        17320,
        17320,
        17320,
        17320,
        17320,
        17320,
        17320,
        17320,
        17320,
        17320,
        17320,
        17320,
        17320,
        17320,
        17320,
        17320,
        17320,
        17320,
        17320,
        17320,
        17320,
        17320,
        17320,
        17320,
        17320,
        17320,
        17320,
        17320,
        17320,
        17320,
        17320,
        17320,
        17320,
        17320,
        17320,
        17320,
        17320,
        17320,
        17320,
        17320,
        17320,
        17320,
        17320,
        17320,
        17320,
        17320,
        17320,
        17320,
        17320,
        17320,
        17320,
        17320,
        17320,
        17320,
        17320,
        17320,
        17320,
        17320,
        17320,
        17320,
        17320,
        17320,
        17320,
        17320,
        17320,
        17320,
        17320,
        17320,
        17320,
        17320,
        17320,
        17320,
        17320,
        17320,
        17320,
        17320,
        17320,
        17320,
        17320,
        17320,
        17320,
        17320,
        17320,
        17320,
        17320,
        17320,
        17320,
        17320,
        17320,
        17320,
        17320,
        17320,
        17320,
        17320,
        17320,
        17320,
        17320,
        17320,
        17320,
        17320,
        17320,
        17320,
        17320,
        17320,
        17320,
        17320,
        17320,
        17320,
        17320
      ],
      "temperature": 1.0,
      "avg_logprob": -0.09235259162055122,
      "compression_ratio": 37.166666666666664,
      "no_speech_prob": 0.038452863693237305
    },
    {
      "id": 3,
      "seek": 5588,
      "start": 55.88,
      "end": 57.88,
      "text": "気分気になってたから",
      "tokens": [
        50365,
        25870,
        6627,
        25870,
        22615,
        6102,
        3368,
        11046,
        50465
      ],
      "temperature": 0.0,
      "avg_logprob": -0.4670295271762582,
      "compression_ratio": 1.2380952380952381,
      "no_speech_prob": 0.022043051198124886
    },
    {
      "id": 4,
      "seek": 5588,
      "start": 66.08,
      "end": 69.08,
      "text": "お目覚めフェラでもしてあげようかな",
      "tokens": [
        50875,
        6117,
        11386,
        2888,
        248,
        11429,
        17320,
        28571,
        11353,
        17783,
        8822,
        3590,
        26012,
        17010,
        24939,
        51025
      ],
      "temperature": 0.0,
      "avg_logprob": -0.4670295271762582,
      "compression_ratio": 1.2380952380952381,
      "no_speech_prob": 0.022043051198124886
    },
    {
      "id": 5,
      "seek": 5588,
      "start": 79.12,
      "end": 81.12,
      "text": "もしかして",
      "tokens": [
        51527,
        4801,
        32156,
        8822,
        51627
      ],
      "temperature": 0.0,
      "avg_logprob": -0.4670295271762582,
      "compression_ratio": 1.2380952380952381,
      "no_speech_prob": 0.022043051198124886
    },
    {
      "id": 6,
      "seek": 5588,
      "start": 82.44,
      "end": 85.44,
      "text": "エッチな初夢でも見てた?",
      "tokens": [
        51693,
        26215,
        8276,
        17794,
        3203,
        28727,
        35165,
        17783,
        33363,
        3368,
        30,
        51843
      ],
      "temperature": 0.0,
      "avg_logprob": -0.4670295271762582,
      "compression_ratio": 1.2380952380952381,
      "no_speech_prob": 0.022043051198124886
    },
    {
      "id": 7,
      "seek": 8588,
      "start": 85.88,
      "end": 87.88,
      "text": "んっ",
      "tokens": [
        50365,
        3225,
        2970,
        50465
      ],
      "temperature": 0.0,
      "avg_logprob": -0.24037411477830675,
      "compression_ratio": 1.5632183908045978,
      "no_speech_prob": 0.017609242349863052
    },
    {
      "id": 8,
      "seek": 8588,
      "start": 87.88,
      "end": 89.88,
      "text": "んっ",
      "tokens": [
        50465,
        3225,
        2970,
        50565
      ],
      "temperature": 0.0,
      "avg_logprob": -0.24037411477830675,
      "compression_ratio": 1.5632183908045978,
      "no_speech_prob": 0.017609242349863052
    },
    {
      "id": 9,
      "seek": 8588,
      "start": 89.88,
      "end": 91.88,
      "text": "んっ",
      "tokens": [
        50565,
        3225,
        2970,
        50665
      ],
      "temperature": 0.0,