{
  "text": "余計なことは考えないで、ただ私で射精することだけ考えて。頑張りすぎな先生は、私で気持ちよくなるだけでいいから。ほっちんちん、すっごくビクビクしてる。もしかしてそろそろ行っちゃいそうなの?いいよ、先生が気持ちいい写生ができるよ激しく腰をパンパン打ちつけながら耳なめしてあげるねパンパン、パンパンパンパンパン、パンパン出る…出ちゃう?いいよ、私のまんこの中に精液たくさん出して",
  "segments": [
    {
      "id": 0,
      "seek": 0,
      "start": 0.0,
      "end": 9.0,
      "text": "余計なことは考えないで、ただ私で射精することだけ考えて。",
      "tokens": [
        50365,
        1593,
        247,
        30114,
        3203,
        13235,
        3065,
        26504,
        6474,
        9311,
        2474,
        1231,
        44519,
        20083,
        2474,
        1530,
        226,
        34910,
        22570,
        13235,
        36215,
        26504,
        31045,
        1543,
        50815
      ],
      "temperature": 0.0,
      "avg_logprob": -0.2270813355079064,
      "compression_ratio": 1.2992125984251968,
      "no_speech_prob": 0.08492574840784073
    },
    {
      "id": 1,
      "seek": 0,
      "start": 9.0,
      "end": 22.0,
      "text": "頑張りすぎな先生は、私で気持ちよくなるだけでいいから。",
      "tokens": [
        50815,
        8313,
        239,
        18889,
        5095,
        2659,
        44601,
        3203,
        33083,
        3065,
        1231,
        20083,
        2474,
        25870,
        17694,
        6574,
        5591,
        6134,
        29218,
        36215,
        2474,
        13806,
        11046,
        1543,
        51465
      ],
      "temperature": 0.0,
      "avg_logprob": -0.2270813355079064,
      "compression_ratio": 1.2992125984251968,
      "no_speech_prob": 0.08492574840784073
    },
    {
      "id": 2,
      "seek": 2200,
      "start": 22.0,
      "end": 48.379999999999995,
      "text": "ほっちんちん、すっごくビクビクしてる。",
      "tokens": [
        50365,
        15190,
        2970,
        6574,
        3225,
        6574,
        3225,
        1231,
        2659,
        2970,
        9991,
        6134,
        39454,
        10825,
        39454,
        10825,
        8822,
        4895,
        1543,
        51684
      ],
      "temperature": 0.6,
      "avg_logprob": -0.7146922891790216,
      "compression_ratio": 1.0754716981132075,
      "no_speech_prob": 0.33220186829566956
    },
    {
      "id": 3,
      "seek": 4838,
      "start": 48.38,
      "end": 51.7,
      "text": "もしかしてそろそろ行っちゃいそうなの?",
      "tokens": [
        50365,
        4801,
        32156,
        8822,
        5040,
        12488,
        5040,
        12488,
        8082,
        41380,
        1764,
        9955,
        3203,
        2972,
        30,
        50531
      ],
      "temperature": 0.0,
      "avg_logprob": -0.2499299638726738,
      "compression_ratio": 1.6917808219178083,
      "no_speech_prob": 0.3085198998451233
    },
    {
      "id": 4,
      "seek": 4838,
      "start": 53.440000000000005,
      "end": 57.900000000000006,
      "text": "いいよ、先生が気持ちいい写生ができるよ",
      "tokens": [
        50618,
        13806,
        5591,
        1231,
        33083,
        5142,
        25870,
        17694,
        6574,
        13806,
        5676,
        247,
        8244,
        5142,
        43200,
        4895,
        5591,
        50841
      ],
      "temperature": 0.0,
      "avg_logprob": -0.2499299638726738,
      "compression_ratio": 1.6917808219178083,
      "no_speech_prob": 0.3085198998451233
    },
    {
      "id": 5,
      "seek": 4838,
      "start": 57.900000000000006,
      "end": 61.92,
      "text": "激しく腰をパンパン打ちつけながら",
      "tokens": [
        50841,
        26373,
        222,
        26568,
        21184,
        108,
        5998,
        23268,
        14121,
        239,
        4824,
        12467,
        6574,
        9335,
        7625,
        3203,
        5142,
        5154,
        51042
      ],
      "temperature": 0.0,
      "avg_logprob": -0.2499299638726738,
      "compression_ratio": 1.6917808219178083,
      "no_speech_prob": 0.3085198998451233
    },
    {
      "id": 6,
      "seek": 4838,
      "start": 61.92,
      "end": 63.7,
      "text": "耳なめしてあげるね",
      "tokens": [
        51042,
        4450,
        111,
        3203,
        11429,
        8822,
        3590,
        26012,
        4895,
        5555,
        51131
      ],
      "temperature": 0.0,
      "avg_logprob": -0.2499299638726738,
      "compression_ratio": 1.6917808219178083,
      "no_speech_prob": 0.3085198998451233
    },
    {
      "id": 7,
      "seek": 4838,
      "start": 63.7,
      "end": 69.92,
      "text": "パンパン、パンパンパン",
      "tokens": [
        51131,
        23268,
        14121,
        239,
        4824,
        1231,
        23268,
        14121,
        239,
        14121,
        239,
        4824,
        51442
      ],
      "temperature": 0.0,
      "avg_logprob": -0.2499299638726738,
      "compression_ratio": 1.6917808219178083,
      "no_speech_prob": 0.3085198998451233
    },
    {
      "id": 8,
      "seek": 4838,
      "start": 69.92,
      "end": 72.86,
      "text": "パンパン、パンパン",
      "tokens": [
        51442,
        23268,
        14121,
        239,
        4824,
        1231,
        23268,
        14121,
        239,
        4824,
        51589
      ],
      "temperature": 0.0,
      "avg_logprob": -0.2499299638726738,
      "compression_ratio": 1.6917808219178083,
      "no_speech_prob": 0.3085198998451233
    },
    {
      "id": 9,
      "seek": 7838,
      "start": 78.38,
      "end": 90.72,
      "text": "出る…出ちゃう?",
      "tokens": [
        50365,
        7781,
        4895,
        1260,
        7781,
        18930,
        2646,
        30,
        50982
      ],
      "temperature": 0.0,
      "avg_logprob": -0.44627068837483724,
      "compression_ratio": 0.9770114942528736,
      "no_speech_prob": 0.0943852961063385
    },
    {
      "id": 10,
      "seek": 7838,
      "start": 94.72,
      "end": 100.84,
      "text": "いいよ、私のまんこの中に精液たくさん出して",
      "tokens": [
        51182,
        13806,
        5591,
        1231,
        20083,
        2972,
        2889,
        3225,
        13303,
        5975,
        4108,
        34910,
        35681,
        110,
        3368,
        6134,
        15567,
        7781,
        8822,
        51488
      ],
      "temperature": 0.0,
      "avg_logprob": -0.44627068837483724,
      "compression_ratio": 0.9770114942528736,
      "no_speech_prob": 0.0943852961063385
    }
  ],
  "language": "ja"
}