{
  "text": "好き、先生好き、大好き、先生も好きって言って、お願い。好きって言われただけで嬉しすぎておまんこぎゅーってなっちゃったねねえもっと言って好きって好き好き好きって言ってほら、寂しさなんて感じないくらい、もっと好きって言って。ずっと私と一緒にいて愛してる先生大好き先生の唾液…美味しいあ〜せっかく密着してるんだし今から腰をパンパンしながら耳を舐めてあげるねご視聴ありがとうございました",
  "segments": [
    {
      "id": 0,
      "seek": 0,
      "start": 0.0,
      "end": 20.0,
      "text": "好き、先生好き、大好き、先生も好きって言って、お願い。",
      "tokens": [
        50365,
        2131,
        7016,
        1231,
        33083,
        2131,
        7016,
        1231,
        3582,
        2131,
        7016,
        1231,
        33083,
        4801,
        2131,
        7016,
        6102,
        12009,
        6102,
        1231,
        28074,
        1543,
        51365
      ],
      "temperature": 0.0,
      "avg_logprob": -0.3765107790629069,
      "compression_ratio": 1.3064516129032258,
      "no_speech_prob": 0.007059249561280012
    },
    {
      "id": 1,
      "seek": 3000,
      "start": 30.0,
      "end": 44.24,
      "text": "好きって言われただけで嬉しすぎておまんこぎゅーってなっちゃったね",
      "tokens": [
        50365,
        2131,
        7016,
        6102,
        12009,
        9206,
        35478,
        36215,
        2474,
        161,
        105,
        231,
        2849,
        2659,
        44601,
        2996,
        6117,
        2889,
        3225,
        3503,
        44601,
        824,
        227,
        3384,
        6102,
        3203,
        41380,
        10102,
        5555,
        51077
      ],
      "temperature": 0.0,
      "avg_logprob": -0.28762571628277117,
      "compression_ratio": 1.5137614678899083,
      "no_speech_prob": 0.1601710468530655
    },
    {
      "id": 2,
      "seek": 3000,
      "start": 44.24,
      "end": 58.06,
      "text": "ねえもっと言って好きって好き好き好きって言って",
      "tokens": [
        51077,
        5555,
        6474,
        4801,
        13137,
        12009,
        6102,
        2131,
        7016,
        6102,
        2131,
        7016,
        2131,
        7016,
        2131,
        7016,
        6102,
        12009,
        6102,
        51768
      ],
      "temperature": 0.0,
      "avg_logprob": -0.28762571628277117,
      "compression_ratio": 1.5137614678899083,
      "no_speech_prob": 0.1601710468530655
    },
    {
      "id": 3,
      "seek": 5806,
      "start": 58.06,
      "end": 80.06,
      "text": "ほら、寂しさなんて感じないくらい、もっと好きって言って。",
      "tokens": [
        50365,
        15190,
        5154,
        1231,
        4510,
        224,
        2849,
        6722,
        11847,
        2996,
        25359,
        9311,
        6134,
        38052,
        1231,
        4801,
        13137,
        2131,
        7016,
        6102,
        12009,
        6102,
        1543,
        51465
      ],
      "temperature": 0.0,
      "avg_logprob": -0.3668699264526367,
      "compression_ratio": 1.0909090909090908,
      "no_speech_prob": 0.040567584335803986
    },
    {
      "id": 4,
      "seek": 8806,
      "start": 88.06,
      "end": 95.06,
      "text": "ずっと私と一緒にいて",
      "tokens": [
        50365,
        18216,
        13137,
        20083,
        3193,
        2257,
        12608,
        240,
        4108,
        18549,
        50715
      ],
      "temperature": 0.0,
      "avg_logprob": -0.43035191756028396,
      "compression_ratio": 0.8636363636363636,
      "no_speech_prob": 0.1625528335571289
    },
    {
      "id": 5,
      "seek": 8806,
      "start": 95.06,
      "end": 102.06,
      "text": "愛してる",
      "tokens": [
        50715,
        15157,
        8822,
        4895,
        51065
      ],
      "temperature": 0.0,
      "avg_logprob": -0.43035191756028396,
      "compression_ratio": 0.8636363636363636,
      "no_speech_prob": 0.1625528335571289
    },
    {
      "id": 6,
      "seek": 8806,
      "start": 102.06,
      "end": 109.06,
      "text": "先生",
      "tokens": [
        51065,
        33083,
        51415
      ],
      "temperature": 0.0,
      "avg_logprob": -0.43035191756028396,
      "compression_ratio": 0.8636363636363636,
      "no_speech_prob": 0.1625528335571289
    },
    {
      "id": 7,
      "seek": 8806,
      "start": 109.06,
      "end": 115.06,
      "text": "大好き",
      "tokens": [
        51415,
        3582,
        2131,
        7016,
        51715
      ],
      "temperature": 0.0,
      "avg_logprob": -0.43035191756028396,
      "compression_ratio": 0.8636363636363636,
      "no_speech_prob": 0.1625528335571289
    },
    {
      "id": 8,
      "seek": 11506,
      "start": 115.06,
      "end": 131.06,
      "text": "先生の唾液…美味しい",
      "tokens": [
        50365,
        33083,
        2972,
        17198,
        122,
        35681,
        110,
        1260,
        45511,
        17121,
        51165
      ],
      "temperature": 0.0,
      "avg_logprob": -0.8422629833221436,
      "compression_ratio": 0.7317073170731707,
      "no_speech_prob": 0.0444805771112442
    },
    {
      "id": 9,
      "seek": 14506,
      "start": 145.06,
      "end": 147.06,
      "text": "あ〜",
      "tokens": [
        50365,
        3590,
        17583,
        50465
      ],
      "temperature": 0.0,
      "avg_logprob": -0.5143119205128063,
      "compression_ratio": 1.1368421052631579,
      "no_speech_prob": 0.1304873526096344
    },
    {
      "id": 10,
      "seek": 14506,
      "start": 157.62,
      "end": 161.62,
      "text": "せっかく密着してるんだし",
      "tokens": [
        50993,
        13702,
        2970,
        3703,
        6134,
        47838,
        20708,
        8822,
        4895,
        26983,
        2849,
        51193
      ],
      "temperature": 0.0,
      "avg_logprob": -0.5143119205128063,
      "compression_ratio": 1.1368421052631579,
      "no_speech_prob": 0.1304873526096344
    },
    {
      "id": 11,
      "seek": 14506,
      "start": 163.78,
      "end": 168.34,
      "text": "今から腰をパンパンしながら",
      "tokens": [
        51301,
        6480,
        11046,
        21184,
        108,
        5998,
        23268,
        14121,
        239,
        4824,
        2849,
        3203,
        5142,
        5154,
        51529
      ],
      "temperature": 0.0,
      "avg_logprob": -0.5143119205128063,
      "compression_ratio": 1.1368421052631579,
      "no_speech_prob": 0.1304873526096344
    },
    {
      "id": 12,
      "seek": 14506,
      "start": 168.34,
      "end": 172.34,
      "text": "耳を舐めてあげるね",
      "tokens": [
        51529,
        4450,
        111,
        5998,
        10256,
        238,
        38975,
        3590,
        26012,
        4895,
        5555,
        51729
      ],
      "temperature": 0.0,
      "avg_logprob": -0.5143119205128063,
      "compression_ratio": 1.1368421052631579,
      "no_speech_prob": 0.1304873526096344
    },
    {
      "id": 13,
      "seek": 17506,
      "start": 175.06,
      "end": 205.04,
      "text": "ご視聴ありがとうございました",
      "tokens": [
        50365,
        9991,
        27333,
        8171,
        112,
        38538,
        51864
      ],
      "temperature": 0.0,
      "avg_logprob": -0.4534761905670166,
      "compression_ratio": 0.8571428571428571,
      "no_speech_prob": 0.8172447681427002
    }
  ],
  "language": "ja"
}