{
  "text": "ご静寂、気持ちいいね。人気コスプレイヤーと両思いになって、耳の目の無セックスをしてる感想はどう?ファンの男の人がどれだけ夢を見ても絶対に叶わない中だしもこれから先生はしよう大なんだよ先生が望むなら生エッチも手こきもフェラチオもこれから何だってしてあげるから大好き愛してるおちち、すっごくビクビクしてるもしかしてそろそろ行きそう?いいよ実は私もそろそろ行っちゃいそうだから一緒に行こうチッチー、そこは…行く…行く行く…行く…先生…行くね…ほら私の中にサーメンピューって出して出る出る出る",
  "segments": [
    {
      "id": 0,
      "seek": 0,
      "start": 0.0,
      "end": 22.86,
      "text": "ご静寂、気持ちいいね。人気コスプレイヤーと両思いになって、耳の目の無セックスをしてる感想はどう?",
      "tokens": [
        50365,
        9991,
        5363,
        247,
        4510,
        224,
        1231,
        25870,
        17694,
        6574,
        13806,
        5555,
        1543,
        4035,
        25870,
        18066,
        9550,
        20953,
        16680,
        8040,
        34969,
        3384,
        3193,
        940,
        94,
        8870,
        1764,
        22615,
        6102,
        1231,
        4450,
        111,
        2972,
        11386,
        2972,
        16976,
        31223,
        28551,
        9550,
        5998,
        8822,
        4895,
        9709,
        7093,
        3065,
        18395,
        30,
        51508
      ],
      "temperature": 0.0,
      "avg_logprob": -0.2970107078552246,
      "compression_ratio": 1.1735537190082646,
      "no_speech_prob": 0.09919879585504532
    },
    {
      "id": 1,
      "seek": 2286,
      "start": 22.86,
      "end": 32.3,
      "text": "ファンの男の人がどれだけ夢を見ても",
      "tokens": [
        50365,
        17320,
        36151,
        4824,
        2972,
        25243,
        2972,
        4035,
        5142,
        7594,
        4132,
        36215,
        35165,
        5998,
        33363,
        4801,
        50837
      ],
      "temperature": 0.0,
      "avg_logprob": -0.24081817893094795,
      "compression_ratio": 1.1517857142857142,
      "no_speech_prob": 0.1789165884256363
    },
    {
      "id": 2,
      "seek": 2286,
      "start": 32.3,
      "end": 37.86,
      "text": "絶対に叶わない中だしも",
      "tokens": [
        50837,
        6948,
        114,
        35252,
        4108,
        2129,
        114,
        9206,
        9311,
        5975,
        5362,
        2849,
        4801,
        51115
      ],
      "temperature": 0.0,
      "avg_logprob": -0.24081817893094795,
      "compression_ratio": 1.1517857142857142,
      "no_speech_prob": 0.1789165884256363
    },
    {
      "id": 3,
      "seek": 2286,
      "start": 37.86,
      "end": 46.16,
      "text": "これから先生はしよう大なんだよ",
      "tokens": [
        51115,
        9329,
        11046,
        33083,
        3065,
        2849,
        17010,
        3582,
        33383,
        5591,
        51530
      ],
      "temperature": 0.0,
      "avg_logprob": -0.24081817893094795,
      "compression_ratio": 1.1517857142857142,
      "no_speech_prob": 0.1789165884256363
    },
    {
      "id": 4,
      "seek": 5286,
      "start": 52.86,
      "end": 63.46,
      "text": "先生が望むなら生エッチも手こきもフェラチオも",
      "tokens": [
        50365,
        33083,
        5142,
        22694,
        33350,
        42540,
        8244,
        26215,
        8276,
        17794,
        4801,
        11389,
        3503,
        7016,
        4801,
        17320,
        28571,
        11353,
        17794,
        18743,
        4801,
        50895
      ],
      "temperature": 0.0,
      "avg_logprob": -0.31648077964782717,
      "compression_ratio": 1.1764705882352942,
      "no_speech_prob": 0.1629495471715927
    },
    {
      "id": 5,
      "seek": 5286,
      "start": 63.46,
      "end": 70.02,
      "text": "これから何だってしてあげるから",
      "tokens": [
        50895,
        9329,
        11046,
        11906,
        5362,
        6102,
        8822,
        3590,
        26012,
        4895,
        11046,
        51223
      ],
      "temperature": 0.0,
      "avg_logprob": -0.31648077964782717,
      "compression_ratio": 1.1764705882352942,
      "no_speech_prob": 0.1629495471715927
    },
    {
      "id": 6,
      "seek": 5286,
      "start": 70.02,
      "end": 77.08,
      "text": "大好き",
      "tokens": [
        51223,
        3582,
        2131,
        7016,
        51576
      ],
      "temperature": 0.0,
      "avg_logprob": -0.31648077964782717,
      "compression_ratio": 1.1764705882352942,
      "no_speech_prob": 0.1629495471715927
    },
    {
      "id": 7,
      "seek": 8286,
      "start": 82.86,
      "end": 84.86,
      "text": "愛してる",
      "tokens": [
        50365,
        15157,
        8822,
        4895,
        50465
      ],
      "temperature": 0.0,
      "avg_logprob": -0.5181549735691237,
      "compression_ratio": 1.0754716981132075,
      "no_speech_prob": 0.12499623000621796
    },
    {
      "id": 8,
      "seek": 8286,
      "start": 98.86,
      "end": 102.86,
      "text": "おちち、すっごくビクビクしてる",
      "tokens": [
        51165,
        6117,
        6574,
        6574,
        1231,
        2659,
        2970,
        9991,
        6134,
        39454,
        10825,
        39454,
        10825,
        8822,
        4895,
        51365
      ],
      "temperature": 0.0,
      "avg_logprob": -0.5181549735691237,
      "compression_ratio": 1.0754716981132075,
      "no_speech_prob": 0.12499623000621796
    },
    {
      "id": 9,
      "seek": 10286,
      "start": 102.86,
      "end": 112.36,
      "text": "もしかしてそろそろ行きそう?",
      "tokens": [
        50365,
        4801,
        32156,
        8822,
        5040,
        12488,
        5040,
        12488,
        8082,
        7016,
        9955,
        30,
        50840
      ],
      "temperature": 0.0,
      "avg_logprob": -0.40893796595131476,
      "compression_ratio": 1.3296703296703296,
      "no_speech_prob": 0.133969247341156
    },
    {
      "id": 10,
      "seek": 10286,
      "start": 116.18,
      "end": 117.06,
      "text": "いいよ",
      "tokens": [
        51031,
        13806,
        5591,
        51075
      ],
      "temperature": 0.0,
      "avg_logprob": -0.40893796595131476,
      "compression_ratio": 1.3296703296703296,
      "no_speech_prob": 0.133969247341156
    },
    {
      "id": 11,
      "seek": 10286,
      "start": 117.06,
      "end": 122.03999999999999,
      "text": "実は私もそろそろ行っちゃいそうだから",
      "tokens": [
        51075,
        33197,
        3065,
        20083,
        4801,
        5040,
        12488,
        5040,
        12488,
        8082,
        41380,
        1764,
        9955,
        33183,
        51324
      ],
      "temperature": 0.0,
      "avg_logprob": -0.40893796595131476,
      "compression_ratio": 1.3296703296703296,
      "no_speech_prob": 0.133969247341156
    },
    {
      "id": 12,
      "seek": 10286,
      "start": 122.03999999999999,
      "end": 128.76,
      "text": "一緒に行こう",
      "tokens": [
        51324,
        2257,
        12608,
        240,
        4108,
        8082,
        22159,
        51660
      ],
      "temperature": 0.0,
      "avg_logprob": -0.40893796595131476,
      "compression_ratio": 1.3296703296703296,
      "no_speech_prob": 0.133969247341156
    },
    {
      "id": 13,
      "seek": 13286,
      "start": 132.86,
      "end": 144.86,
      "text": "チッチー、そこは…",
      "tokens": [
        50365,
        17794,
        8276,
        17794,
        3384,
        1231,
        5040,
        3503,
        3065,
        1260,
        50965
      ],
      "temperature": 0.0,
      "avg_logprob": -0.6619231104850769,
      "compression_ratio": 1.3728813559322033,
      "no_speech_prob": 0.36045950651168823
    },
    {
      "id": 14,
      "seek": 13286,
      "start": 144.86,
      "end": 157.86,
      "text": "行く…行く行く…行く…先生…行くね…",
      "tokens": [
        50965,
        8082,
        6134,
        1260,
        8082,
        6134,
        8082,
        6134,
        1260,
        8082,
        6134,
        1260,
        33083,
        1260,
        8082,
        6134,
        5555,
        1260,
        51615
      ],
      "temperature": 0.0,
      "avg_logprob": -0.6619231104850769,