{
  "text": "あー…ふっふっふっ…お漏らししちゃったんですか?白いのいっぱい出ちゃってますよ?おちんちんに優しい命令しかしてないつもりだったんですけど、そんなにきつかったですか?言い忘れましたけど途中で暴発すると騒動は逆に発火するんですよ我慢しなきゃいけない場面で我慢しなくてもいいんだっておちんちんが間違った学習しちゃいますからあーあー強くなりたかったのにますます弱くなっちゃいましたねそのおちんちんどうするんですか?まあ訪問は一度きりじゃありませんから次回はちゃんと最後まで我慢できるよう精一杯努力してくださいね今回みたいな失敗が何度か続くとプログラムの内容を変えておちんちんに厳しいしつけをしないといけなくなりますからそうならないようにお願いしますわかりましたか?ではまた近いうちに再訪問しますのでいつ私が来てもいいように車制は週一程度に控えておちんちんのコンディションを整えておいてくださいね失礼しますソウロウさんふふふご視聴ありがとうございました",
  "segments": [
    {
      "id": 0,
      "seek": 0,
      "start": 0.0,
      "end": 14.0,
      "text": "あー…ふっふっふっ…お漏らししちゃったんですか?白いのいっぱい出ちゃってますよ?",
      "tokens": [
        50365,
        34932,
        1260,
        18100,
        2970,
        18100,
        2970,
        18100,
        2970,
        1260,
        6117,
        14065,
        237,
        5154,
        2849,
        2849,
        18930,
        10102,
        27113,
        3703,
        30,
        13558,
        1764,
        2972,
        1764,
        37696,
        1764,
        7781,
        18930,
        6102,
        5368,
        5591,
        30,
        51065
      ],
      "temperature": 0.0,
      "avg_logprob": -0.3189976250947411,
      "compression_ratio": 1.6326530612244898,
      "no_speech_prob": 0.10636356472969055
    },
    {
      "id": 1,
      "seek": 0,
      "start": 14.0,
      "end": 24.0,
      "text": "おちんちんに優しい命令しかしてないつもりだったんですけど、そんなにきつかったですか?",
      "tokens": [
        51065,
        6117,
        6574,
        3225,
        6574,
        3225,
        4108,
        12827,
        103,
        17121,
        25236,
        49061,
        32156,
        8822,
        9311,
        9335,
        4801,
        5095,
        5362,
        10102,
        27113,
        21891,
        1231,
        46346,
        4108,
        7016,
        9335,
        25785,
        30913,
        30,
        51565
      ],
      "temperature": 0.0,
      "avg_logprob": -0.3189976250947411,
      "compression_ratio": 1.6326530612244898,
      "no_speech_prob": 0.10636356472969055
    },
    {
      "id": 2,
      "seek": 2400,
      "start": 24.0,
      "end": 32.7,
      "text": "言い忘れましたけど途中で暴発すると騒動は逆に発火するんですよ",
      "tokens": [
        50365,
        12009,
        1764,
        26677,
        4132,
        12072,
        21891,
        2215,
        242,
        5975,
        2474,
        23826,
        112,
        44756,
        22570,
        3193,
        38168,
        240,
        12572,
        3065,
        2215,
        228,
        4108,
        44756,
        26171,
        22570,
        27113,
        5591,
        50800
      ],
      "temperature": 0.0,
      "avg_logprob": -0.19304072338601816,
      "compression_ratio": 1.598984771573604,
      "no_speech_prob": 0.5839056968688965
    },
    {
      "id": 3,
      "seek": 2400,
      "start": 32.7,
      "end": 39.54,
      "text": "我慢しなきゃいけない場面で我慢しなくてもいいんだって",
      "tokens": [
        50800,
        1654,
        20645,
        2849,
        3203,
        7016,
        9051,
        1764,
        7625,
        9311,
        21446,
        8833,
        2474,
        1654,
        20645,
        2849,
        40252,
        2996,
        4801,
        13806,
        26983,
        6102,
        51142
      ],
      "temperature": 0.0,
      "avg_logprob": -0.19304072338601816,
      "compression_ratio": 1.598984771573604,
      "no_speech_prob": 0.5839056968688965
    },
    {
      "id": 4,
      "seek": 2400,
      "start": 39.54,
      "end": 43.32,
      "text": "おちんちんが間違った学習しちゃいますから",
      "tokens": [
        51142,
        6117,
        6574,
        3225,
        6574,
        3225,
        5142,
        11016,
        31846,
        10102,
        29618,
        34025,
        2849,
        18930,
        11267,
        11046,
        51331
      ],
      "temperature": 0.0,
      "avg_logprob": -0.19304072338601816,
      "compression_ratio": 1.598984771573604,
      "no_speech_prob": 0.5839056968688965
    },
    {
      "id": 5,
      "seek": 2400,
      "start": 45.32,
      "end": 51.260000000000005,
      "text": "あーあー強くなりたかったのにますます弱くなっちゃいましたね",
      "tokens": [
        51431,
        34932,
        34932,
        22752,
        6134,
        3203,
        5095,
        3368,
        25785,
        2972,
        4108,
        5368,
        5368,
        5702,
        109,
        6134,
        3203,
        41380,
        25910,
        5555,
        51728
      ],
      "temperature": 0.0,
      "avg_logprob": -0.19304072338601816,
      "compression_ratio": 1.598984771573604,
      "no_speech_prob": 0.5839056968688965
    },
    {
      "id": 6,
      "seek": 5126,
      "start": 51.26,
      "end": 53.839999999999996,
      "text": "そのおちんちん",
      "tokens": [
        50365,
        20564,
        6117,
        6574,
        3225,
        6574,
        3225,
        50494
      ],
      "temperature": 0.0,
      "avg_logprob": -0.20568459187078914,
      "compression_ratio": 1.537117903930131,
      "no_speech_prob": 0.4486372470855713
    },
    {
      "id": 7,
      "seek": 5126,
      "start": 53.839999999999996,
      "end": 56.26,
      "text": "どうするんですか?",
      "tokens": [
        50494,
        18395,
        22570,
        27113,
        3703,
        30,
        50615
      ],
      "temperature": 0.0,
      "avg_logprob": -0.20568459187078914,
      "compression_ratio": 1.537117903930131,
      "no_speech_prob": 0.4486372470855713
    },
    {
      "id": 8,
      "seek": 5126,
      "start": 59.199999999999996,
      "end": 62.8,
      "text": "まあ訪問は一度きりじゃありませんから",
      "tokens": [
        50762,
        32763,
        5396,
        103,
        11361,
        3065,
        2257,
        13127,
        7016,
        5095,
        15339,
        14498,
        30250,
        11046,
        50942
      ],
      "temperature": 0.0,
      "avg_logprob": -0.20568459187078914,
      "compression_ratio": 1.537117903930131,
      "no_speech_prob": 0.4486372470855713
    },
    {
      "id": 9,
      "seek": 5126,
      "start": 62.8,
      "end": 66.44,
      "text": "次回はちゃんと最後まで我慢できるよう",
      "tokens": [
        50942,
        9487,
        8350,
        3065,
        35771,
        3193,
        20578,
        28176,
        1654,
        20645,
        43200,
        4895,
        17010,
        51124
      ],
      "temperature": 0.0,
      "avg_logprob": -0.20568459187078914,
      "compression_ratio": 1.537117903930131,
      "no_speech_prob": 0.4486372470855713
    },
    {
      "id": 10,
      "seek": 5126,
      "start": 66.44,
      "end": 69.12,
      "text": "精一杯努力してくださいね",
      "tokens": [
        51124,
        34910,
        2257,
        45458,
        5087,
        103,
        13486,
        8822,
        25079,
        5555,
        51258
      ],
      "temperature": 0.0,
      "avg_logprob": -0.20568459187078914,
      "compression_ratio": 1.537117903930131,
      "no_speech_prob": 0.4486372470855713
    },
    {
      "id": 11,
      "seek": 5126,
      "start": 69.12,
      "end": 74.28,
      "text": "今回みたいな失敗が何度か続くと",
      "tokens": [
        51258,
        30551,
        41258,
        3203,
        28564,
        7017,
        245,
        5142,
        11906,
        13127,
        3703,
        44985,
        6134,
        3193,
        51516
      ],
      "temperature": 0.0,
      "avg_logprob": -0.20568459187078914,
      "compression_ratio": 1.537117903930131,
      "no_speech_prob": 0.4486372470855713
    },
    {
      "id": 12,
      "seek": 5126,
      "start": 74.28,
      "end": 76.72,
      "text": "プログラムの内容を変えて",
      "tokens": [
        51516,
        20953,
        17164,
        23839,
        11353,
        32026,
        2972,
        34742,
        25750,
        5998,
        40931,
        31045,
        51638
      ],
      "temperature": 0.0,
      "avg_logprob": -0.20568459187078914,
      "compression_ratio": 1.537117903930131,